,title,freq
0,tt0050212,1
1,tt0381681,6
2,tt0414993,1
3,tt0443536,2
4,tt0070544,1
5,tt0308644,2
6,tt0101301,1
7,tt0248654,1
8,tt0455275,1
9,tt3315342,1
10,tt0020629,1
11,tt0038390,1
12,tt2570858,2
13,tt1517489,1
14,tt0096180,1
15,tt0442933,2
16,tt1045658,5
17,tt1142972,1
18,tt0347149,13
19,tt1142977,2
20,tt4226388,8
21,tt2431438,1
22,tt0315327,1
23,tt1487118,1
24,tt2439190,1
25,tt4163224,1
26,tt2357291,7
27,tt3231564,1
28,tt2173024,1
29,tt2133196,1
30,tt0401085,1
31,tt0990407,1
32,tt3544112,1
33,tt0432348,1
34,tt3319920,5
35,tt1430132,3
36,tt4444438,1
37,tt0398286,30
38,tt1860353,4
39,tt5182856,1
40,tt1527186,1
41,tt0182576,2
42,tt2381249,30
43,tt1157549,1
44,tt0112442,1
45,tt3065204,2
46,tt0386117,1
47,tt2948356,61
48,tt2788716,1
49,tt1837709,1
50,tt2788710,1
51,tt0993846,20
52,tt4411504,3
53,tt1253863,4
54,tt1646971,25
55,tt3322364,7
56,tt1646974,1
57,tt0104779,1
58,tt0098904,1
59,tt0093010,1
60,tt1392214,3
61,tt0089155,1
62,tt2351177,1
63,tt2179116,2
64,tt0335345,1
65,tt3542188,1
66,tt0105950,1
67,tt0316396,2
68,tt0800026,1
69,tt4624424,1
70,tt0031679,1
71,tt3148834,1
72,tt3088362,1
73,tt1928340,1
74,tt0118692,1
75,tt1637688,5
76,tt1101637,1
77,tt0862467,1
78,tt0056869,1
79,tt0083987,1
80,tt0400868,1
81,tt1178663,1
82,tt1178665,4
83,tt0087469,2
84,tt0127710,2
85,tt0230600,1
86,tt1945084,1
87,tt6044910,1
88,tt0349903,1
89,tt5613056,4
90,tt3783958,1
91,tt3398268,8
92,tt0061852,2
93,tt1691917,4
94,tt0810819,19
95,tt0359950,6
96,tt1726592,1
97,tt0364725,1
98,tt2170593,1
99,tt3766394,2
100,tt0371606,3
101,tt2547584,1
102,tt1078588,1
103,tt0814314,4
104,tt4731072,1
105,tt2561572,7
106,tt2243537,1
107,tt1343092,9
108,tt1322269,2
109,tt0804497,2
110,tt2310332,5
111,tt0421994,1
112,tt3170832,49
113,tt0844471,9
114,tt1971325,1
115,tt1816518,1
116,tt1286863,1
117,tt1588173,3
118,tt0395479,1
119,tt2848292,13
120,tt1038988,1
121,tt2245003,1
122,tt0900387,2
123,tt2582846,10
124,tt1690953,24
125,tt0416449,3
126,tt0979432,1
127,tt2340678,1
128,tt2649554,1
129,tt2131532,1
130,tt3754940,1
131,tt0106307,2
132,tt0307453,5
133,tt0423849,1
134,tt1583420,1
135,tt0463854,1
136,tt1494191,1
137,tt1397514,1
138,tt0220099,1
139,tt1236429,1
140,tt4935334,1
141,tt3170902,6
142,tt0077651,1
143,tt2534634,1
144,tt0200276,1
145,tt3547740,1
146,tt1490017,20
147,tt0017136,1
148,tt0111161,19
149,tt0120623,17
150,tt0291350,2
151,tt2554274,15
152,tt2005151,2
153,tt2861424,5
154,tt0264464,5
155,tt1937390,3
156,tt0453451,1
157,tt0169547,10
158,tt3294200,1
159,tt1142988,2
160,tt3013588,1
161,tt3410408,1
162,tt1618421,1
163,tt1071358,1
164,tt2461520,1
165,tt1538403,5
166,tt2893490,1
167,tt3416828,5
168,tt0100403,1
169,tt3560464,1
170,tt0101605,1
171,tt1911644,2
172,tt0405422,1
173,tt3784222,1
174,tt2387559,2
175,tt1365050,21
176,tt0972785,1
177,tt0094721,1
178,tt0485601,2
179,tt0462335,4
180,tt1865505,11
181,tt0116209,1
182,tt0436058,1
183,tt0372824,1
184,tt0268978,9
185,tt2084970,19
186,tt0119008,1
187,tt4508902,1
188,tt1318514,1
189,tt2277860,37
190,tt0396707,1
191,tt2241351,2
192,tt0074896,1
193,tt1109624,4
194,tt3977462,1
195,tt3824386,2
196,tt0059592,1
197,tt0283503,1
198,tt0092752,1
199,tt1840417,1
200,tt1946280,1
201,tt0083658,2
202,tt5127958,1
203,tt0875034,1
204,tt1706620,4
205,tt1191111,1
206,tt0119174,1
207,tt0332379,3
208,tt0119177,3
209,tt0055254,2
210,tt0342492,1
211,tt0100332,1
212,tt4302938,8
213,tt0462590,1
214,tt1454468,13
215,tt3387648,1
216,tt0129290,1
217,tt1634225,1
218,tt0393162,1
219,tt0239395,1
220,tt0112851,1
221,tt0816407,1
222,tt2717860,1
223,tt1374992,1
224,tt3181822,1
225,tt2106476,5
226,tt3137764,2
227,tt0247638,2
228,tt3659388,67
229,tt0112453,3
230,tt0266697,6
231,tt3204392,1
232,tt0873886,1
233,tt0033868,1
234,tt1276104,1
235,tt3813310,2
236,tt0963194,1
237,tt3322420,1
238,tt1765622,1
239,tt2059171,1
240,tt1198156,1
241,tt1832382,3
242,tt0377079,1
243,tt0368709,1
244,tt2316411,3
245,tt1980929,4
246,tt2262227,9
247,tt0293927,1
248,tt0105941,1
249,tt2124787,1
250,tt0499549,7
251,tt1571222,2
252,tt2436386,4
253,tt1201607,11
254,tt0252444,1
255,tt1457767,3
256,tt0130827,3
257,tt2011971,1
258,tt1931533,3
259,tt2679552,1
260,tt1932718,1
261,tt0105236,2
262,tt3986586,1
263,tt0362227,2
264,tt2093991,1
265,tt2465238,1
266,tt3183660,12
267,tt4044364,2
268,tt2937898,2
269,tt3076658,38
270,tt0034583,3
271,tt2488496,67
272,tt2679042,1
273,tt0218967,1
274,tt0071381,1
275,tt3672742,2
276,tt5202266,1
277,tt0328802,1
278,tt2303065,1
279,tt2582782,2
280,tt0845046,1
281,tt0102492,3
282,tt0097674,1
283,tt0481499,16
284,tt3704416,2
285,tt0385002,1
286,tt0109424,1
287,tt0137523,11
288,tt3899796,1
289,tt3449292,1
290,tt2315200,1
291,tt2637276,7
292,tt0276751,1
293,tt0117008,1
294,tt2125435,1
295,tt2802136,2
296,tt1515091,3
297,tt0945513,1
298,tt0139654,1
299,tt1781769,1
300,tt3421116,1
301,tt0391726,1
302,tt1111890,1
303,tt1862079,1
304,tt1386697,16
305,tt1083452,2
306,tt0837562,22
307,tt0096874,5
308,tt2139555,2
309,tt3631112,4
310,tt4323504,1
311,tt1679235,1
312,tt0120762,14
313,tt3822818,1
314,tt0469494,1
315,tt2628232,1
316,tt0454876,11
317,tt1735898,2
318,tt0065421,3
319,tt3498820,25
320,tt0145487,2
321,tt6074794,1
322,tt3063516,1
323,tt0385752,1
324,tt0385751,1
325,tt0120382,3
326,tt0780504,3
327,tt0822832,1
328,tt0268380,17
329,tt0171865,1
330,tt3275216,1
331,tt0086855,1
332,tt0077687,1
333,tt1069238,1
334,tt0365748,1
335,tt0078869,1
336,tt0120363,35
337,tt3522806,1
338,tt0326969,1
339,tt1067765,1
340,tt2041488,1
341,tt0384766,1
342,tt0475290,3
343,tt0475293,1
344,tt0107977,1
345,tt0117500,1
346,tt2140479,1
347,tt2119532,1
348,tt0107151,1
349,tt0478304,3
350,tt0117509,1
351,tt0101921,1
352,tt2290553,1
353,tt0315642,1
354,tt0090555,1
355,tt1674771,4
356,tt5599692,1
357,tt1911658,4
358,tt0276919,2
359,tt1186830,4
360,tt0212712,1
361,tt0099088,3
362,tt0065724,1
363,tt0338459,1
364,tt4340888,1
365,tt0092965,2
366,tt0095647,2
367,tt0116583,7
368,tt0485947,8
369,tt0094737,1
370,tt0465925,1
371,tt2140619,2
372,tt3316948,9
373,tt1623288,2
374,tt0207639,1
375,tt3499096,1
376,tt2450186,1
377,tt0778784,1
378,tt1603786,1
379,tt0315733,1
380,tt0412080,1
381,tt0454084,1
382,tt4096870,1
383,tt0079588,2
384,tt2444946,1
385,tt0347618,3
386,tt0121164,10
387,tt0091149,2
388,tt1045670,1
389,tt2180411,5
390,tt1521846,1
391,tt0075686,2
392,tt1617661,7
393,tt0343737,1
394,tt3501632,1
395,tt2398249,1
396,tt0824747,1
397,tt0417373,2
398,tt1639426,1
399,tt4788722,1
400,tt0101745,1
401,tt0087062,1
402,tt2034031,1
403,tt0795421,2
404,tt0480242,1
405,tt0382330,1
406,tt3508840,3
407,tt0096273,2
408,tt0142632,1
409,tt0311113,1
410,tt2802850,1
411,tt1883367,1
412,tt0121766,6
413,tt0121765,3
414,tt0057115,2
415,tt3464902,24
416,tt1266029,1
417,tt1216475,13
418,tt1266020,1
419,tt0099426,1
420,tt0405325,1
421,tt4386242,1
422,tt1149361,1
423,tt1149362,1
424,tt0090728,2
425,tt0945571,1
426,tt0369339,1
427,tt1821700,1
428,tt1536410,1
429,tt0063173,1
430,tt3146360,1
431,tt0426578,1
432,tt1714915,2
433,tt0208185,1
434,tt0119926,1
435,tt2800240,2
436,tt0118528,1
437,tt0076070,1
438,tt1371630,1
439,tt2617456,1
440,tt0247586,1
441,tt3960412,2
442,tt0970866,1
443,tt3148502,1
444,tt3365778,1
445,tt4734132,1
446,tt1314240,1
447,tt0062622,1
448,tt0333780,1
449,tt1152758,1
450,tt0452039,1
451,tt2409300,1
452,tt2784936,1
453,tt1848926,1
454,tt0397892,7
455,tt0277371,1
456,tt2660888,7
457,tt0383574,3
458,tt1489889,2
459,tt0011541,1
460,tt0075314,4
461,tt0098635,1
462,tt0832266,1
463,tt3843088,1
464,tt0910970,50
465,tt0317219,17
466,tt0056241,1
467,tt1242460,3
468,tt1591095,1
469,tt3051894,1
470,tt4897822,2
471,tt0066011,1
472,tt1647668,1
473,tt0109277,1
474,tt2527336,1
475,tt1447791,1
476,tt0120889,1
477,tt0864835,3
478,tt0234215,1
479,tt2027128,1
480,tt2005374,1
481,tt1905041,1
482,tt0475998,1
483,tt1175709,1
484,tt1649443,1
485,tt0138749,2
486,tt4163644,1
487,tt2321549,5
488,tt4189022,1
489,tt0240890,1
490,tt5898034,1
491,tt4484722,1
492,tt0412366,1
493,tt0243017,2
494,tt4007502,4
495,tt0803096,6
496,tt3149038,3
497,tt2023587,4
498,tt0445095,1
499,tt4698684,2
500,tt0364517,1
501,tt0330793,1
502,tt1164999,1
503,tt0405159,4
504,tt0110367,2
505,tt2758904,1
506,tt0312004,8
507,tt0095468,1
508,tt2480454,1
509,tt0144700,1
510,tt0082639,1
511,tt0327084,4
512,tt0053125,1
513,tt0183649,2
514,tt0120179,1
515,tt2101383,5
516,tt2980706,6
517,tt2631186,1
518,tt0025997,1
519,tt0087843,2
520,tt0195685,1
521,tt0120370,2
522,tt0413895,1
523,tt0089893,1
524,tt0450188,2
525,tt0074256,1
526,tt0071853,4
527,tt2363255,1
528,tt2140465,1
529,tt2562232,14
530,tt0423866,1
531,tt5091548,1
532,tt3605418,3
533,tt1031283,1
534,tt0464059,1
535,tt1628841,10
536,tt3521134,4
537,tt3107288,1
538,tt0096283,14
539,tt0328828,1
540,tt0963966,2
541,tt0089853,1
542,tt1528100,2
543,tt0045152,3
544,tt4427060,1
545,tt0795493,1
546,tt0330373,4
547,tt0457993,1
548,tt0052618,1
549,tt2638144,1
550,tt2082197,1
551,tt0486576,1
552,tt2616880,1
553,tt0449088,2
554,tt0838283,1
555,tt0463998,3
556,tt3061046,1
557,tt1727776,4
558,tt2565938,1
559,tt4934950,2
560,tt5132854,1
561,tt0243155,2
562,tt2288005,1
563,tt0100519,1
564,tt4285198,1
565,tt0397078,1
566,tt3553976,8
567,tt0087332,3
568,tt0432283,10
569,tt0272790,1
570,tt0265086,1
571,tt4104022,2
572,tt0050825,1
573,tt1074638,6
574,tt0461770,3
575,tt0134847,1
576,tt0212985,1
577,tt0000417,1
578,tt0013025,1
579,tt0119116,2
580,tt0443272,2
581,tt0166813,5
582,tt0090605,2
583,tt0091605,1
584,tt4057632,1
585,tt4058500,2
586,tt2934340,1
587,tt4456850,1
588,tt0087056,1
589,tt3172532,8
590,tt4661600,1
591,tt4034354,5
592,tt0346094,1
593,tt2978462,1
594,tt3222720,1
595,tt0112697,2
596,tt3465456,1
597,tt2885628,1
598,tt0195945,2
599,tt4344878,1
600,tt0318403,1
601,tt0997152,1
602,tt0118887,1
603,tt0112471,6
604,tt0427944,2
605,tt1921149,1
606,tt0348061,1
607,tt4472596,1
608,tt0438859,1
609,tt0918940,3
610,tt0190641,1
611,tt0057796,1
612,tt3799694,5
613,tt0105323,4
614,tt0069332,1
615,tt0876563,4
616,tt0033467,1
617,tt0119282,9
618,tt0363771,2
619,tt1554565,1
620,tt0105695,3
621,tt1568921,5
622,tt2075108,1
623,tt0758758,6
624,tt4136084,2
625,tt0964517,2
626,tt0758752,2
627,tt3077108,1
628,tt0187393,1
629,tt1958961,1
630,tt2388715,2
631,tt0349825,1
632,tt0795368,3
633,tt2473794,1
634,tt0175058,1
635,tt1798709,10
636,tt0206036,1
637,tt1821549,1
638,tt0808146,1
639,tt0073195,4
640,tt0051201,1
641,tt0348333,1
642,tt1824254,1
643,tt0089218,1
644,tt0453467,1
645,tt1847672,1
646,tt1402488,3
647,tt0411008,1
648,tt0012570,1
649,tt1290138,1
650,tt0087544,4
651,tt2479478,3
652,tt3397884,46
653,tt2508258,1
654,tt1035730,1
655,tt1600196,2
656,tt0366548,8
657,tt0425333,1
658,tt0389557,1
659,tt3569230,8
660,tt1959490,2
661,tt2053339,1
662,tt0252501,1
663,tt2402927,24
664,tt0120591,1
665,tt0368891,3
666,tt0131409,1
667,tt0097814,4
668,tt1101174,1
669,tt0947798,13
670,tt1601913,1
671,tt1569923,1
672,tt0815236,1
673,tt0416320,2
674,tt5290524,1
675,tt1067106,2
676,tt0468569,17
677,tt0364569,5
678,tt3796006,1
679,tt2664880,1
680,tt0110357,31
681,tt2975578,2
682,tt4994718,1
683,tt1440232,1
684,tt0780521,3
685,tt0106977,1
686,tt0104684,1
687,tt1139797,1
688,tt0976051,3
689,tt1731141,3
690,tt0156887,2
691,tt0913425,1
692,tt0097240,1
693,tt2782216,1
694,tt2383068,1
695,tt0107688,9
696,tt3263614,1
697,tt1029360,5
698,tt1524930,9
699,tt1028532,5
700,tt0848228,9
701,tt2388725,1
702,tt2049116,1
703,tt3949660,2
704,tt2015381,22
705,tt0327679,1
706,tt0448694,5
707,tt3205802,2
708,tt1194616,1
709,tt2852406,2
710,tt2070862,1
711,tt0102926,10
712,tt3316960,7
713,tt0328107,1
714,tt0278866,1
715,tt0481536,1
716,tt5460658,1
717,tt0245429,24
718,tt3471098,1
719,tt0852863,2
720,tt3168230,5
721,tt0024216,1
722,tt0180093,3
723,tt4184878,1
724,tt1217213,2
725,tt2591814,3
726,tt0402399,2
727,tt1723811,2
728,tt1232829,1
729,tt0058331,2
730,tt0976238,1
731,tt1292575,1
732,tt0165982,2
733,tt2056771,1
734,tt1922777,4
735,tt0060176,1
736,tt0068646,7
737,tt0088847,1
738,tt0064116,1
739,tt2400463,6
740,tt2022713,1
741,tt0775489,4
742,tt0825232,3
743,tt0090633,1
744,tt0185937,2
745,tt2088832,1
746,tt0439533,1
747,tt2515034,1
748,tt1570728,3
749,tt3410834,5
750,tt0830361,1
751,tt2224026,16
752,tt0361862,1
753,tt0914798,4
754,tt0472033,8
755,tt4635372,2
756,tt0443465,1
757,tt2268016,5
758,tt1379182,1
759,tt0086541,1
760,tt1568346,3
761,tt0070505,1
762,tt4440114,1
763,tt0783233,3
764,tt0372183,2
765,tt0167735,1
766,tt1128075,1
767,tt0313680,1
768,tt1638002,2
769,tt3767372,3
770,tt1924435,1
771,tt1306980,4
772,tt0112641,2
773,tt1535108,3
774,tt0462499,1
775,tt1288558,1
776,tt1320244,1
777,tt2415458,1
778,tt0928099,1
779,tt2428170,1
780,tt1482459,5
781,tt0366069,1
782,tt2101569,2
783,tt0401445,2
784,tt2357129,1
785,tt3452322,1
786,tt0386676,1
787,tt0400717,4
788,tt2978102,1
789,tt0047396,2
790,tt0367882,1
791,tt1956620,1
792,tt3165612,4
793,tt0252084,1
794,tt2446600,1
795,tt0120789,1
796,tt0758742,1
797,tt5974402,1
798,tt0119256,1
799,tt2568204,1
800,tt4025514,1
801,tt0291959,1
802,tt0304283,1
803,tt0088939,1
804,tt1413495,1
805,tt0088930,4
806,tt0404032,1
807,tt0076618,1
808,tt0092099,1
809,tt3205376,6
810,tt4786282,3
811,tt5503594,1
812,tt1340138,11
813,tt0082474,1
814,tt1605717,2
815,tt0118475,1
816,tt0355295,1
817,tt0401711,2
818,tt2467372,1
819,tt0103064,2
820,tt2891174,1
821,tt0270797,1
822,tt0126029,24
823,tt0363163,6
824,tt2006295,2
825,tt0081099,1
826,tt1119646,2
827,tt2497834,1
828,tt2278871,2
829,tt5115024,1
830,tt0244244,1
831,tt3622120,1
832,tt0088247,2
833,tt0376994,2
834,tt2094766,1
835,tt1421361,1
836,tt2112096,1
837,tt0289879,3
838,tt1659337,13
839,tt5304172,1
840,tt1966604,1
841,tt0061418,1
842,tt1999995,1
843,tt0472582,1
844,tt0080678,1
845,tt2566644,1
846,tt0058946,1
847,tt0163651,2
848,tt3183630,7
849,tt0052631,1
850,tt0365376,1
851,tt0284735,1
852,tt0265666,3
853,tt4158110,1
854,tt0029583,6
855,tt0084787,1
856,tt1842367,1
857,tt2675914,1
858,tt0257076,1
859,tt0015864,2
860,tt2334873,5
861,tt3164256,2
862,tt3385516,15
863,tt0210945,1
864,tt0028691,1
865,tt1791614,1
866,tt0780536,3
867,tt0458413,1
868,tt2614776,1
869,tt2452042,14
870,tt5013056,1
871,tt1064932,2
872,tt2493486,2
873,tt2967224,2
874,tt5057130,1
875,tt1860357,2
876,tt1800246,1
877,tt1334260,1
878,tt3014866,2
879,tt0383216,1
880,tt2963232,1
881,tt1800241,5
882,tt4796634,1
883,tt1049413,58
884,tt0107692,1
885,tt4247618,1
886,tt0903624,8
887,tt1537759,1
888,tt4511200,1
889,tt4257858,5
890,tt2370718,1
891,tt0117571,2
892,tt0379557,1
893,tt2597892,1
894,tt3748512,1
895,tt0290223,1
896,tt0373732,1
897,tt4082068,1
898,tt1231580,4
899,tt1954470,1
900,tt5286444,2
901,tt1032825,1
902,tt4309356,1
903,tt3179568,2
904,tt2343617,1
905,tt2234155,1
906,tt2318092,1
907,tt0899242,1
908,tt1979376,4
909,tt2049543,1
910,tt4062536,5
911,tt0086979,1
912,tt0299172,1
913,tt2652092,1
914,tt0324133,1
915,tt4046784,19
916,tt0831387,1
917,tt0332375,1
918,tt1292566,3
919,tt4513674,3
920,tt0259711,1
921,tt0085959,1
922,tt1510938,1
923,tt0451279,1
924,tt0037635,1
925,tt1401113,1
926,tt1935902,1
927,tt0116629,1
928,tt0374900,1
929,tt0054073,1
930,tt0110167,1
931,tt0070608,2
932,tt1850457,9
933,tt0353969,1
934,tt0113670,1
935,tt0181689,1
936,tt1234548,1
937,tt1442462,1
938,tt4799672,1
939,tt0117951,1
940,tt0385880,1
941,tt2545118,1
942,tt2231253,1
943,tt5477376,1
944,tt1217209,37
945,tt0816442,6
946,tt0050976,2
947,tt0092005,3
948,tt2378177,1
949,tt0465602,1
950,tt0070047,2
951,tt0133240,5
952,tt0467406,6
953,tt0056989,1
954,tt0118715,2
955,tt2431286,3
956,tt2870612,1
957,tt0796366,2
958,tt3473654,2
959,tt2883512,5
960,tt3177316,1
961,tt3093546,1
962,tt0075968,1
963,tt4359416,2
964,tt0980970,1
965,tt4438848,3
966,tt0173840,2
967,tt0293815,1
968,tt3263904,4
969,tt0258000,1
970,tt0427327,1
971,tt3966404,8
972,tt2446042,2
973,tt1827487,1
974,tt1132626,1
975,tt2714900,1
976,tt1285016,5
977,tt2740710,1
978,tt2463288,1
979,tt1684226,2
980,tt2581458,1
981,tt0097757,10
982,tt1727388,1
983,tt3416744,9
984,tt0108333,1
985,tt3416742,8
986,tt0209958,1
987,tt0115639,1
988,tt1701210,1
989,tt0099939,1
990,tt0325537,1
991,tt0286244,3
992,tt0436697,1
993,tt1590089,1
994,tt2334733,1
995,tt2458776,1
996,tt3551096,1
997,tt1904996,1
998,tt1155056,1
999,tt2455388,1
1000,tt0401729,1
1001,tt0241303,2
1002,tt0380934,1
1003,tt1632708,1
1004,tt0325710,1
1005,tt2582502,1
1006,tt1666801,11
1007,tt0120812,1
1008,tt0763304,1
1009,tt0100405,1
1010,tt1821658,2
1011,tt2713180,4
1012,tt3715320,10
1013,tt0162661,1
1014,tt1259571,1
1015,tt0386588,1
1016,tt2974918,5
1017,tt2024519,2
1018,tt0335266,2
1019,tt1637725,5
1020,tt2473682,1
1021,tt0126765,1
1022,tt1478338,2
1023,tt1212419,1
1024,tt4271820,1
1025,tt0367110,2
1026,tt0371746,7
1027,tt3859304,1
1028,tt4908644,4
1029,tt1431045,39
1030,tt3276862,1
1031,tt0106004,1
1032,tt1258972,1
1033,tt0481369,1
1034,tt2330723,1
1035,tt0405094,3
1036,tt4263482,10
1037,tt2226417,2
1038,tt4781612,2
1039,tt1540011,1
1040,tt2452386,4
1041,tt0847817,1
1042,tt0903747,2
1043,tt1276419,1
1044,tt4056808,1
1045,tt2909912,1
1046,tt0840322,1
1047,tt3808342,7
1048,tt1355630,1
1049,tt1355631,1
1050,tt0080684,6
1051,tt4008758,1
1052,tt1178180,2
1053,tt0114388,1
1054,tt3526706,2
1055,tt0114148,7
1056,tt0429305,1
1057,tt1185834,1
1058,tt0114369,12
1059,tt3970854,1
1060,tt3235888,4
1061,tt1279935,1
1062,tt0454945,2
1063,tt2129887,1
1064,tt0088323,1
1065,tt0190865,1
1066,tt1758692,1
1067,tt4375438,1
1068,tt2184339,1
1069,tt0057012,2
1070,tt0878804,3
1071,tt0085549,1
1072,tt1860213,2
1073,tt0114709,43
1074,tt0417741,5
1075,tt0357277,1
1076,tt2980648,1
1077,tt3390122,1
1078,tt0455944,2
1079,tt1712261,1
1080,tt0096018,1
1081,tt2375605,3
1082,tt3086442,4
1083,tt0458352,4
1084,tt2267998,17
1085,tt0182789,2
1086,tt2847438,1
1087,tt0475784,3
1088,tt0156934,1
1089,tt4295734,1
1090,tt0102940,1
1091,tt2194499,7
1092,tt0482629,1
1093,tt1174732,1
1094,tt0216651,1
1095,tt0110116,1
1096,tt0055031,1
1097,tt0114563,1
1098,tt1602613,1
1099,tt0219822,1
1100,tt4191054,1
1101,tt0373051,1
1102,tt0206634,2
1103,tt3895150,1
1104,tt3447364,2
1105,tt2300975,2
1106,tt1422032,1
1107,tt4284010,4
1108,tt1837703,1
1109,tt2980516,12
1110,tt1855199,1
1111,tt4088268,2
1112,tt0338013,8
1113,tt2033372,1
1114,tt0120910,2
1115,tt3896198,2
1116,tt0455499,1
1117,tt2397535,4
1118,tt3521164,2
1119,tt3687310,1
1120,tt1399664,2
1121,tt1336608,1
1122,tt2557490,2
1123,tt3387542,1
1124,tt0374339,1
1125,tt2245084,42
1126,tt3644604,1
1127,tt1409383,1
1128,tt1598642,3
1129,tt1375666,26
1130,tt1224370,1
1131,tt0059578,1
1132,tt2438644,2
1133,tt0864761,1
1134,tt1723121,4
1135,tt1937264,2
1136,tt0071075,1
1137,tt2381991,4
1138,tt0298148,18
1139,tt0081534,1
1140,tt0209144,6
1141,tt0089881,1
1142,tt0119879,1
1143,tt1172233,1
1144,tt4419794,1
1145,tt1985949,8
1146,tt0119654,1
1147,tt3019796,1
1148,tt2167202,1
1149,tt0426931,2
1150,tt0986263,1
1151,tt0986264,1
1152,tt2013293,6
1153,tt1763303,2
1154,tt1814614,1
1155,tt0808506,5
1156,tt4094724,3
1157,tt0401398,1
1158,tt0119094,1
1159,tt1320261,1
1160,tt1663662,2
1161,tt2332623,1
1162,tt3500258,1
1163,tt4265964,1
1164,tt0076929,1
1165,tt0080117,1
1166,tt0104046,1
1167,tt0369060,1
1168,tt3260022,1
1169,tt0036775,1
1170,tt0280653,1
1171,tt4080728,1
1172,tt0800080,1
1173,tt3312868,1
1174,tt2017020,4
1175,tt2446980,19
1176,tt0138967,1
1177,tt0366551,1
1178,tt3032476,3
1179,tt0313792,1
1180,tt0758766,1
1181,tt2356180,1
1182,tt1677561,1
1183,tt3824458,4
1184,tt0310203,1
1185,tt0473075,1
1186,tt1018765,2
1187,tt2510894,12
1188,tt2771200,2
1189,tt1483013,3
1190,tt0383028,3
1191,tt1192628,7
1192,tt0126170,1
1193,tt0407887,8
1194,tt3398228,1
1195,tt4870838,1
1196,tt0115157,1
1197,tt2401878,22
1198,tt0062803,1
1199,tt2338151,4
1200,tt4936176,1
1201,tt4116116,1
1202,tt0235923,1
1203,tt0167261,9
1204,tt0167260,17
1205,tt4238858,3
1206,tt0314331,3
1207,tt1502712,10
1208,tt0281634,1
1209,tt1640459,1
1210,tt0063823,1
1211,tt2050634,1
1212,tt0790706,1
1213,tt3221544,1
1214,tt3756788,1
1215,tt5332206,1
1216,tt0043274,5
1217,tt0364774,1
1218,tt0054130,1
1219,tt0348568,2
1220,tt4430212,2
1221,tt1650407,1
1222,tt0118298,2
1223,tt2080374,26
1224,tt0138704,1
1225,tt0056172,3
1226,tt0804503,1
1227,tt1853728,15
1228,tt0147612,1
1229,tt0042876,1
1230,tt0092695,1
1231,tt0086190,6
1232,tt0086197,1
1233,tt3214002,1
1234,tt0340855,1
1235,tt1798684,19
1236,tt6017058,1
1237,tt2865120,2
1238,tt3691740,4
1239,tt0790636,8
1240,tt0388980,1
1241,tt1699746,1
1242,tt1105469,1
1243,tt1743922,1
1244,tt0110413,3
1245,tt0385700,2
1246,tt1355644,2
1247,tt3856042,1
1248,tt1277953,11
1249,tt1657563,1
1250,tt0120689,7
1251,tt0120686,1
1252,tt4126304,4
1253,tt3878542,4
1254,tt0106292,1
1255,tt0430105,1
1256,tt5109280,1
1257,tt1700841,9
1258,tt0081505,3
1259,tt0108885,1
1260,tt1010048,4
1261,tt0038650,4
1262,tt4906984,1
1263,tt1247690,1
1264,tt2339741,1
1265,tt3646462,1
1266,tt0087803,1
1267,tt4185572,2
1268,tt5640450,1
1269,tt0452694,1
1270,tt0086393,1
1271,tt1893195,1
1272,tt0450259,1
1273,tt0120338,14
1274,tt2948372,1
1275,tt0094074,1
1276,tt1243974,5
1277,tt2888046,3
1278,tt3343784,1
1279,tt1753496,1
1280,tt5618002,1
1281,tt0243585,1
1282,tt4871980,1
1283,tt4337894,1
1284,tt0375679,1
1285,tt1608290,5
1286,tt4382552,2
1287,tt1606389,3
1288,tt0113277,3
1289,tt0290334,3
1290,tt1080016,10
1291,tt1135525,1
1292,tt3689498,1
1293,tt2267968,13
1294,tt1675434,11
1295,tt1085492,1
1296,tt0285403,1
1297,tt1454029,3
1298,tt1220911,1
1299,tt0053472,3
1300,tt0298203,1
1301,tt2273657,5
1302,tt2140379,3
1303,tt2379713,33
1304,tt2140373,7
1305,tt0011656,1
1306,tt2191671,1
1307,tt2823054,1
1308,tt0099348,1
1309,tt2535470,1
1310,tt0838221,1
1311,tt0110877,1
1312,tt2918436,2
1313,tt3850214,12
1314,tt1520211,2
1315,tt5595168,1
1316,tt0120131,4
1317,tt0068473,1
1318,tt0258153,1
1319,tt5233554,1
1320,tt0451079,4
1321,tt0078480,1
1322,tt0166924,2
1323,tt0248808,1
1324,tt4273570,1
1325,tt1230414,1
1326,tt1210819,1
1327,tt0419887,1
1328,tt1859438,1
1329,tt0044081,1
1330,tt0462538,5
1331,tt0829150,3
1332,tt2312718,1
1333,tt0113497,1
1334,tt3440298,2
1335,tt2261331,2
1336,tt2637294,2
1337,tt1854564,1
1338,tt0100157,1
1339,tt0112384,2
1340,tt4229236,1
1341,tt2216536,1
1342,tt3577624,2
1343,tt0319262,1
1344,tt0892782,5
1345,tt2884018,12
1346,tt1204342,3
1347,tt0118843,1
1348,tt1974419,3
1349,tt0150662,1
1350,tt0887912,5
1351,tt0118849,1
1352,tt0994314,1
1353,tt1655441,18
1354,tt1655442,1
1355,tt1486834,2
1356,tt1020072,2
1357,tt0443543,2
1358,tt2182972,1
1359,tt3469244,1
1360,tt4481414,1
1361,tt0032910,1
1362,tt0086425,1
1363,tt0128442,1
1364,tt0800369,2
1365,tt0356150,1
1366,tt1741273,2
1367,tt1197628,1
1368,tt1197624,1
1369,tt0095327,7
1370,tt1216223,1
1371,tt0083866,4
1372,tt1473832,4
1373,tt1667353,1
1374,tt0083865,1
1375,tt0104257,2
1376,tt1172049,7
1377,tt0348150,1
1378,tt0287717,1
1379,tt2523832,1
1380,tt0410377,1
1381,tt2258345,1
1382,tt0151804,1
1383,tt0397535,1
1384,tt1291150,2
1385,tt2402101,2
1386,tt4270516,2
1387,tt3830558,1
1388,tt0046268,1
1389,tt0162222,4
1390,tt2106361,1
1391,tt0440963,2
1392,tt2347569,2
1393,tt0139809,1
1394,tt1462769,2
1395,tt1386703,2
1396,tt2771780,1
1397,tt1802197,1
1398,tt2718492,1
1399,tt1631707,1
1400,tt0301357,1
1401,tt0066921,2
1402,tt4731008,1
1403,tt1183665,1
1404,tt0477302,1
1405,tt0027977,1
1406,tt0082517,1
1407,tt0108778,1
1408,tt2741602,1
1409,tt0172156,1
1410,tt0064806,1
1411,tt0311879,1
1412,tt0424774,1
1413,tt0012224,1
1414,tt1438176,2
1415,tt1825918,1
1416,tt0413267,11
1417,tt1176740,2
1418,tt1649419,8
1419,tt0085334,1
1420,tt1051904,7
1421,tt1291570,2
1422,tt1853739,1
1423,tt3816458,1
1424,tt1817273,4
1425,tt1179904,1
1426,tt1340107,1
1427,tt0814255,1
1428,tt0230838,1
1429,tt0012278,1
1430,tt2503944,7
1431,tt0375063,1
1432,tt1228705,1
1433,tt0995832,1
1434,tt4573516,1
1435,tt0372237,1
1436,tt0470752,55
1437,tt1077274,1
1438,tt0147800,3
1439,tt1621748,1
1440,tt2404425,3
1441,tt0145660,1
1442,tt1300854,4
1443,tt0384642,1
1444,tt3844362,4
1445,tt0480687,1
1446,tt3859076,1
1447,tt0039220,1
1448,tt0090349,1
1449,tt2614722,1
1450,tt2800050,1
1451,tt4874696,1
1452,tt4285496,7
1453,tt3726704,2
1454,tt4145178,1
1455,tt1440292,2
1456,tt0120655,1
1457,tt0080388,1
1458,tt0903657,3
1459,tt0113862,1
1460,tt0441773,21
1461,tt3409392,2
1462,tt1059786,2
1463,tt3021360,1
1464,tt0120783,1
1465,tt0936501,1
1466,tt3748528,2
1467,tt2192888,1
1468,tt0066227,1
1469,tt0988045,5
1470,tt1440129,1
1471,tt3495026,1
1472,tt1409024,3
1473,tt0032455,3
1474,tt0486259,1
1475,tt1136608,3
1476,tt0190590,2
1477,tt0092493,1
1478,tt0423294,1
1479,tt0325980,7
1480,tt0042332,5
1481,tt3327994,1
1482,tt0458339,1
1483,tt3672840,1
1484,tt1839494,1
1485,tt1839492,1
1486,tt2618986,1
1487,tt1613092,1
1488,tt4016226,1
1489,tt0236799,1
1490,tt0130623,1
1491,tt4429128,1
1492,tt1216515,1
1493,tt2461150,1
1494,tt0061834,1
1495,tt2281587,2
1496,tt0486321,1
1497,tt0079522,1
1498,tt1623205,3
1499,tt3792960,4
1500,tt0078346,1
1501,tt0311648,1
1502,tt0183523,1
1503,tt0396555,2
1504,tt0455565,2
1505,tt2726560,6
1506,tt0338564,1
1507,tt0290988,1
1508,tt3203606,14
1509,tt2349144,1
1510,tt0203009,1
1511,tt2702724,1
1512,tt0076009,1
1513,tt3450650,3
1514,tt1521197,1
1515,tt2322441,14
1516,tt0050613,1
1517,tt1235166,1
1518,tt1783732,1
1519,tt2920540,1
1520,tt0184424,1
1521,tt1872818,1
1522,tt3718778,2
1523,tt2674426,13
1524,tt4005402,2
1525,tt1190722,1
1526,tt0892318,1
1527,tt2404233,3
1528,tt1981115,6
1529,tt4919484,1
1530,tt1250777,2
1531,tt4183692,2
1532,tt4853102,2
1533,tt0839188,1
1534,tt1107365,2
1535,tt0024069,1
1536,tt2150139,1
1537,tt0482571,11
1538,tt0892791,8
1539,tt0285823,1
1540,tt1985966,3
1541,tt2760634,1
1542,tt2474958,1
1543,tt1455816,1
1544,tt5284492,1
1545,tt0272388,1
1546,tt4651520,2
1547,tt0396171,1
1548,tt0382734,1
1549,tt0239921,1
1550,tt3830162,5
1551,tt1049402,1
1552,tt0112281,1
1553,tt0372784,5
1554,tt2381335,1
1555,tt2707408,2
1556,tt0118617,6
1557,tt0903014,1
1558,tt4171032,2
1559,tt0119215,1
1560,tt0119217,10
1561,tt1845307,1
1562,tt0382932,37
1563,tt3544082,11
1564,tt0031580,1
1565,tt4594834,1
1566,tt0808417,1
1567,tt0038988,1
1568,tt0352248,4
1569,tt1865800,1
1570,tt0097165,1
1571,tt1809398,1
1572,tt1964418,16
1573,tt1517260,2
1574,tt2203939,1
1575,tt2094262,1
1576,tt1840309,3
1577,tt0053291,2
1578,tt0076363,1
1579,tt2316801,1
1580,tt0083922,1
1581,tt0098503,1
1582,tt0351283,17
1583,tt2338424,1
1584,tt5154466,1
1585,tt1446192,9
1586,tt1872194,2
1587,tt0119698,7
1588,tt3139538,1
1589,tt2361509,24
1590,tt0312841,1
1591,tt0059646,1
1592,tt0241527,5
1593,tt0410297,1
1594,tt0118589,1
1595,tt0118586,1
1596,tt3062096,2
1597,tt1981677,1
1598,tt0217505,1
1599,tt3622592,9
1600,tt0256459,1
1601,tt0376136,1
1602,tt0169858,1
1603,tt1219342,4
1604,tt2025690,1
1605,tt4387040,1
1606,tt0097576,4
1607,tt1014759,7
1608,tt1291584,3
1609,tt0111257,1
1610,tt0119528,1
1611,tt1790033,1
1612,tt1117563,1
1613,tt1179933,12
1614,tt1683526,5
1615,tt2293640,28
1616,tt0215129,1
1617,tt5518128,1
1618,tt3395184,1
1619,tt0865297,1
1620,tt3079380,21
1621,tt3702996,2
1622,tt1222815,1
1623,tt1222817,1
1624,tt2404435,1
1625,tt1825157,3
1626,tt0110475,1
1627,tt0095489,1
1628,tt0495596,1
1629,tt2088003,1
1630,tt1625346,1
1631,tt1650062,1
1632,tt0841046,1
1633,tt0367594,2
1634,tt0094625,6
1635,tt0457430,5
1636,tt1259521,1
1637,tt0790724,2
1638,tt2358891,2
1639,tt0289765,1
1640,tt0117589,1
1641,tt4068848,1
1642,tt0109830,15
1643,tt1104001,5
1644,tt1645080,1
1645,tt1170358,7
1646,tt1059955,1
1647,tt3666024,1
1648,tt0192618,1
1649,tt4016454,1
1650,tt1282140,1
1651,tt2326554,3
1652,tt2872718,10
1653,tt3735246,1
1654,tt2120120,11
1655,tt1001508,1
1656,tt0120794,3
1657,tt1373149,1
1658,tt1369706,1
1659,tt0143808,1
1660,tt0458525,1
1661,tt1067583,1
1662,tt3195644,5
1663,tt3118452,3
1664,tt4075386,1
1665,tt1826940,2
1666,tt2452200,1
1667,tt0110631,1
1668,tt0397306,1
1669,tt0457939,1
1670,tt3467412,1
1671,tt1670345,7
1672,tt1596363,44
1673,tt3155242,1
1674,tt0106489,1
1675,tt3042408,1
1676,tt5229228,2
1677,tt0780608,1
1678,tt1860318,1
1679,tt0469641,1
1680,tt2210769,2
1681,tt1211837,15
1682,tt1679335,3
1683,tt0443706,3
1684,tt1130969,1
1685,tt0250494,1
1686,tt0489270,1
1687,tt3336368,1
1688,tt0374546,1
1689,tt0245238,1
1690,tt1316536,1
1691,tt2051879,1
1692,tt0099329,2
1693,tt1453405,25
1694,tt1951265,7
1695,tt1951264,7
1696,tt1954347,1
1697,tt1951266,31
1698,tt2908446,15
1699,tt0075148,3
1700,tt1632701,2
1701,tt1401152,1
1702,tt4936450,1
1703,tt1667889,8
1704,tt1442437,1
1705,tt1321870,2
1706,tt1979388,33
1707,tt3110958,10
1708,tt1629757,1
1709,tt1568338,1
1710,tt3678782,2
1711,tt1439629,1
1712,tt2382846,1
1713,tt1869716,1
1714,tt4324274,2
1715,tt2935476,4
1716,tt4052882,2
1717,tt1762399,1
1718,tt1210166,2
1719,tt2639254,1
1720,tt1728179,1
1721,tt3787590,2
1722,tt0816711,1
1723,tt0091790,1
1724,tt0381348,1
1725,tt2305051,2
1726,tt0373889,5
1727,tt0084868,1
1728,tt0393109,1
1729,tt0070735,1
1730,tt0986233,1
1731,tt2129997,1
1732,tt1731701,1
1733,tt0206512,2
1734,tt0361748,7
1735,tt2381941,17
1736,tt3332064,9
1737,tt1655420,1
1738,tt4574334,4
1739,tt1034331,1
1740,tt0211915,4
1741,tt3045616,6
1742,tt3558196,1
1743,tt0128853,2
1744,tt1385826,1
1745,tt4324302,2
1746,tt1745787,1
1747,tt0467200,1
1748,tt2177771,1
1749,tt5953378,1
1750,tt0091455,2
1751,tt1335975,1
1752,tt4034228,1
1753,tt0401233,1
1754,tt3312830,12
1755,tt2213054,1
1756,tt0377092,3
1757,tt1441953,1
1758,tt0378793,1
1759,tt0051399,1
1760,tt0399295,1
1761,tt0133152,1
1762,tt1924394,1
1763,tt0322330,3
1764,tt4669210,1
1765,tt4178092,21
1766,tt1392197,1
1767,tt1392190,67
1768,tt2096673,250
1769,tt2096672,2
1770,tt3682556,1
1771,tt0369702,1
1772,tt0104652,2
1773,tt1371155,1
1774,tt5700672,4
1775,tt0765010,2
1776,tt0100142,1
1777,tt0031971,1
1778,tt0359013,1
1779,tt2097298,7
1780,tt2654124,1
1781,tt1022603,8
1782,tt1594503,1
1783,tt1392170,6
1784,tt0057546,1
1785,tt1872181,3
1786,tt0356910,2
1787,tt1255953,1
1788,tt5240748,1
1789,tt2993434,1
1790,tt0040897,2
1791,tt0019254,1
1792,tt0082089,1
1793,tt0387199,1
1794,tt2061702,1
1795,tt0343818,1
1796,tt0094715,1
1797,tt2437786,1
1798,tt0088814,1
1799,tt1226271,1
1800,tt0119488,1
1801,tt4769836,1
1802,tt2053425,2
1803,tt0095953,1
1804,tt2543164,7
1805,tt1620446,1
1806,tt1509268,1
1807,tt2113681,4
1808,tt0420238,1
1809,tt1212450,1
1810,tt0351382,1
1811,tt0323250,2
1812,tt0187738,1
1813,tt2170439,2
1814,tt0158983,1
1815,tt4024210,1
1816,tt0144117,3
1817,tt3459472,1
1818,tt1823672,16
1819,tt2582496,29
1820,tt1733785,1
1821,tt4016934,1
1822,tt0082406,2
1823,tt0080487,2
1824,tt0332452,1
1825,tt0069467,1
1826,tt0046250,1
1827,tt2265398,1
1828,tt0072931,1
1829,tt0072417,1
1830,tt1244666,2
1831,tt1705977,1
1832,tt4258440,1
1833,tt0120815,6
1834,tt0081573,1
1835,tt0086250,2
1836,tt0240772,1
1837,tt0096787,1
1838,tt0114327,1
1839,tt2389182,1
1840,tt0822854,1
1841,tt1791682,2
1842,tt1334585,1
1843,tt1148204,5
1844,tt0862856,1
1845,tt1675192,1
1846,tt0884732,5
1847,tt0389790,6
1848,tt0910865,1
1849,tt0901686,1
1850,tt0253474,4
1851,tt2937900,1
1852,tt0773262,1
1853,tt5262450,1
1854,tt0114746,1
1855,tt2910904,3
1856,tt0072890,1
1857,tt2350496,2
1858,tt0229664,1
1859,tt0110912,9
1860,tt1211956,1
1861,tt3721936,1
1862,tt0053285,4
1863,tt2403393,1
1864,tt2758880,2
1865,tt2443822,1
1866,tt2707858,1
1867,tt1899353,1
1868,tt4574526,1
1869,tt1091722,2
1870,tt0195234,1
1871,tt1474276,3
1872,tt0463034,1
1873,tt4003966,1
1874,tt4202274,1
1875,tt0268126,1
1876,tt0135659,1
1877,tt1441395,3
1878,tt1754656,21
1879,tt0455407,1
1880,tt0114814,7
1881,tt5199156,1
1882,tt0107048,4
1883,tt5129818,1
1884,tt0238546,1
1885,tt0099487,4
1886,tt1121794,2
1887,tt1631867,7
1888,tt1894476,1
1889,tt0384504,1
1890,tt1430607,3
1891,tt3261302,1
1892,tt2229499,1
1893,tt0339291,1
1894,tt0078748,5
1895,tt0436339,1
1896,tt0113247,1
1897,tt1638355,20
1898,tt0093779,2
1899,tt0113118,1
1900,tt0112197,1
1901,tt4176826,7
1902,tt0165798,1
1903,tt1742683,1
1904,tt0103639,19
1905,tt0338348,6
1906,tt0251127,1
1907,tt0445934,2
1908,tt2948840,1
1909,tt4305154,1
1910,tt0091042,1
1911,tt0101188,1
1912,tt0049730,2
1913,tt0133093,8
1914,tt2109248,1
1915,tt1655413,1
1916,tt0167404,1
1917,tt0319061,2
1918,tt2870648,6
1919,tt0116493,1
1920,tt0308353,1
1921,tt1790809,1
1922,tt0418279,1
1923,tt0298814,1
1924,tt1639826,1
1925,tt0060665,1
1926,tt1702429,1
1927,tt2176165,1
1928,tt3068194,1
1929,tt0206348,1
1930,tt0075467,1
1931,tt1293847,1
1932,tt0319343,1
1933,tt1714206,3
1934,tt0041959,2
1935,tt0398808,3
1936,tt1714208,1
1937,tt4466446,1
1938,tt4846340,1
1939,tt2398172,1
1940,tt0112573,4
1941,tt2692904,1
1942,tt3567288,10
1943,tt3836512,1
1944,tt1772341,18
1945,tt0970411,1
1946,tt4110568,1
1947,tt1584016,1
1948,tt1435513,1
1949,tt0952640,4
1950,tt1289401,3
1951,tt0837806,1
1952,tt1196948,1
1953,tt0126886,1
1954,tt0199683,1
1955,tt2101473,1
1956,tt2370248,2
1957,tt0108148,1
1958,tt1761005,1
1959,tt4126438,1
1960,tt3729594,1
1961,tt4975722,2
1962,tt2872462,2
1963,tt1267379,1
1964,tt0362270,1
1965,tt0343660,3
1966,tt2380307,3
1967,tt0465234,1
1968,tt3326262,1
1969,tt0082096,1
1970,tt0434409,7
1971,tt3877674,1
1972,tt1478964,1
1973,tt0096579,1
1974,tt0214341,1
1975,tt4820312,1
1976,tt2179121,1
1977,tt0460829,1
1978,tt2701582,1
1979,tt0890870,1
1980,tt0387564,1
1981,tt3742284,1
1982,tt0974661,1
1983,tt1340800,2
1984,tt2480566,1
1985,tt1821426,1
1986,tt1976009,2
1987,tt0094226,1
1988,tt5030004,1
1989,tt2294629,37
1990,tt1578873,1
1991,tt4382650,1
1992,tt2205697,2
1993,tt2494362,9
1994,tt0031381,3
1995,tt1323594,27
1996,tt0108037,1
1997,tt1272878,1
1998,tt0499448,1
1999,tt2582802,24
2000,tt0172493,2
2001,tt2178470,1
2002,tt0196229,1
2003,tt1446714,2
2004,tt0172495,4
2005,tt2351310,1
2006,tt1872880,1
2007,tt1355683,23
2008,tt0128445,1
2009,tt1725986,1
2010,tt0093832,1
2011,tt1193138,1
2012,tt0385586,1
2013,tt4116284,1
2014,tt0061811,2
2015,tt3877296,1
2016,tt0097428,1
2017,tt1494772,1
2018,tt3812366,1
2019,tt2024544,12
2020,tt2994832,1
2021,tt1065073,16
2022,tt3819668,4
2023,tt0086066,1
2024,tt0120660,1
2025,tt5311514,1
2026,tt0497465,1
2027,tt1121096,1
2028,tt2552394,1
2029,tt2709768,17
2030,tt0092890,1
2031,tt3503460,1
2032,tt1001526,10
2033,tt0090022,1
2034,tt2872732,8
2035,tt0431308,1
2036,tt0978764,1
2037,tt2386490,1
2038,tt0978762,11
2039,tt2401097,1
2040,tt3139086,3
2041,tt1528854,6
2042,tt0220635,1
2043,tt0061075,1
2044,tt0246578,4
2045,tt0891457,1
2046,tt0106417,1
2047,tt1343727,1
2048,tt1596345,4
2049,tt0127311,1
2050,tt0306414,1
2051,tt3531824,5
2052,tt3064298,7
2053,tt1449283,1
2054,tt1327773,1
2055,tt0877057,3
2056,tt0084707,1
2057,tt5189670,3
2058,tt0117110,1
2059,tt1969062,1
2060,tt1275590,1
2061,tt4817576,1
2062,tt0107290,4
2063,tt0375568,1
2064,tt1185836,1
2065,tt0195714,1
2066,tt1568911,1
2067,tt0032551,1
2068,tt2368619,1
2069,tt0312528,1
2070,tt2189461,1
2071,tt2975590,12
2072,tt1245492,2
2073,tt1528071,4
2074,tt0156812,1
2075,tt1124037,3
2076,tt0084649,1
2077,tt0032138,2
2078,tt2140203,3
2079,tt3760922,1
2080,tt1411704,1
2081,tt1587310,13
2082,tt0084237,1
2083,tt0170016,3
2084,tt0787524,2
2085,tt0306841,1
2086,tt3140100,1
2087,tt0396752,1
2088,tt4160708,8
2089,tt2223990,1
2090,tt4196776,2
2091,tt0472043,1
2092,tt2279373,7
2093,tt0478970,35
2094,tt1673430,1
2095,tt1189073,3
2096,tt1305806,2
2097,tt0345950,1
2098,tt4547056,2
2099,tt3488710,20
2100,tt2567026,6
2101,tt0092067,4
2102,tt0397101,1
2103,tt0099785,2
2104,tt0048956,1
2105,tt3848892,1
2106,tt0813547,1
2107,tt0315296,1
2108,tt2870708,2
2109,tt2333784,1
2110,tt0479952,9
2111,tt0119822,1
2112,tt0054215,6
2113,tt0113568,2
2114,tt0108550,4
2115,tt0892769,32
2116,tt2055765,1
2117,tt1843866,9
2118,tt1751105,1
2119,tt0099871,1
2120,tt1895587,43
2121,tt0093428,1
2122,tt0087980,1
2123,tt1407927,1
2124,tt0166896,1
2125,tt0146316,1
2126,tt4192240,1
2127,tt3322312,1
2128,tt1722512,1
2129,tt1859650,1
2130,tt0404978,1
2131,tt3161448,1
2132,tt3289712,1
2133,tt1907668,3
2134,tt2181931,1
2135,tt0452625,1
2136,tt0887883,1
2137,tt2101441,1
2138,tt0800320,1
2139,tt2429074,1
2140,tt0817177,1
2141,tt0388795,3
2142,tt2717822,1
2143,tt0118799,4
2144,tt1535109,1
2145,tt1033575,1
2146,tt0104694,1
2147,tt0121955,1
2148,tt0332280,4
2149,tt0044706,1
2150,tt0477347,3
2151,tt0076759,10
2152,tt0084509,1
2153,tt1468846,2
2154,tt0477348,7
2155,tt2179136,7
2156,tt0088833,1
2157,tt2126355,9
2158,tt1270766,1
2159,tt0369610,34
2160,tt1930315,1
2161,tt0279967,2
2162,tt1193631,1
2163,tt0377981,1
2164,tt2209764,2
2165,tt1014763,1
2166,tt0073629,1
2167,tt2908228,1
2168,tt1790864,6
2169,tt0240684,1
2170,tt2820852,23
2171,tt5175168,1
2172,tt4116030,1
2173,tt0854678,1
2174,tt0079476,1
2175,tt0446029,4
2176,tt0389860,2
2177,tt0287978,1
2178,tt0305206,1
2179,tt0230011,2
2180,tt1219289,5
2181,tt3623726,1
2182,tt0082176,1
2183,tt0118971,1
2184,tt0425112,1
2185,tt0089560,1
2186,tt3682448,46
2187,tt3236120,2
2188,tt2265171,1
2189,tt0414852,1
2190,tt2719848,22
2191,tt5200814,1
2192,tt1298650,1
2193,tt2404463,2
2194,tt2306299,1
2195,tt5319572,1
2196,tt0340377,2
2197,tt0285627,1
2198,tt0488120,1
2199,tt0120879,1
2200,tt1937339,1
2201,tt0056217,1
2202,tt1663202,73
2203,tt0141842,1
2204,tt0240200,1
2205,tt0057091,1
2206,tt0376108,1
2207,tt0765429,2
2208,tt0460492,1
2209,tt0088763,7
2210,tt0280030,1
2211,tt2330322,2
2212,tt0370986,1
2213,tt0120611,2
2214,tt2382009,1
2215,tt1165293,1
2216,tt1245104,1
2217,tt0499141,1
2218,tt0770828,6
2219,tt0851578,3
2220,tt0113824,1
2221,tt2209418,3
2222,tt0120587,2
2223,tt0120586,4
2224,tt0088015,2
2225,tt1232047,1
2226,tt0144084,2
2227,tt0970179,3
2228,tt2784678,2
2229,tt0066265,1
2230,tt0120903,2
2231,tt0034492,2
2232,tt0081398,1
2233,tt0221735,1
2234,tt2452254,2
2235,tt0417299,4
2236,tt1715210,1
2237,tt0120053,1
2238,tt0052357,1
2239,tt0290673,1
2240,tt0223897,1
2241,tt0114787,1
2242,tt0431021,1
2243,tt1865718,5
2244,tt3475020,1
2245,tt0053198,1
2246,tt0158622,1
2247,tt0415306,1
2248,tt2980794,2
2249,tt0053604,2
2250,tt2250912,1
2251,tt0454921,6
2252,tt2737050,1
2253,tt2103281,2
2254,tt1542768,1
2255,tt0472181,4
2256,tt3097490,1
2257,tt0096149,1
2258,tt0449059,4
2259,tt1037705,1
2260,tt0106519,1
2261,tt1185616,1
2262,tt4613272,1
2263,tt1430626,2
2264,tt1559547,1
2265,tt1935859,3
2266,tt3674140,2
2267,tt1020558,1
2268,tt0327597,8
2269,tt3713166,4
2270,tt1935179,2
2271,tt0848537,6
2272,tt0435651,2
2273,tt2555736,2
2274,tt1352421,1
2275,tt0079417,2
2276,tt4299972,2
2277,tt1345836,10
2278,tt2085059,2
2279,tt2551650,1
2280,tt0816692,30
2281,tt3655522,1
2282,tt0304141,2
2283,tt1877832,9
2284,tt0942385,1
2285,tt0113101,1
2286,tt0100477,1
2287,tt0044741,1
2288,tt1235099,1
2289,tt3138192,1
2290,tt0048947,1
2291,tt2058673,4
2292,tt4982250,1
2293,tt1686821,1
2294,tt1504320,4
2295,tt1230204,1
2296,tt3717068,1
2297,tt1748122,2
2298,tt0116322,1
2299,tt0119038,1
2300,tt3606752,4
2301,tt1181840,1
2302,tt0447854,1
2303,tt3606756,3
2304,tt2395427,41
2305,tt0072271,1
2306,tt0275847,7
2307,tt0097239,1
2308,tt3704050,2
2309,tt0054195,1
2310,tt0361089,1
2311,tt2758770,2
2312,tt2278388,10
2313,tt0099685,5
2314,tt0297284,1
2315,tt0117381,1
2316,tt0060196,4
2317,tt3530002,3
2318,tt0338094,1
2319,tt0338096,2
2320,tt2358925,1
2321,tt4180514,1
2322,tt0071562,6
2323,tt0293715,1
2324,tt0087800,1
2325,tt1821694,2
2326,tt3628584,1
2327,tt0299658,2
2328,tt0223503,1
2329,tt1041829,3
2330,tt2402600,1
2331,tt4508712,1
2332,tt2304933,2
2333,tt3953834,1
2334,tt2404181,1
2335,tt0277027,4
2336,tt2309260,1
2337,tt3526538,1
2338,tt1233227,1
2339,tt0095016,4
2340,tt0401792,1
2341,tt3014284,1
2342,tt0270882,1
2343,tt3731562,1
2344,tt3837246,1
2345,tt3157466,1
2346,tt0096557,1
2347,tt0420223,1
2348,tt0042192,2
2349,tt0116922,1
2350,tt2390361,1
2351,tt0421715,6
2352,tt2403021,1
2353,tt0093748,2
2354,tt1727770,2
2355,tt2355495,1
2356,tt1270798,4
2357,tt0356634,1
2358,tt2057392,4
2359,tt1152398,1
2360,tt0098258,2
2361,tt3249414,1
2362,tt0388473,2
2363,tt3321300,2
2364,tt0242653,2
2365,tt1602620,1
2366,tt3616916,1
2367,tt0411477,3
2368,tt1403214,1
2369,tt0944947,4
2370,tt3040964,13
2371,tt1532503,1
2372,tt2752772,2
2373,tt3120408,3
2374,tt2965412,1
2375,tt1549572,1
2376,tt0473709,1
2377,tt1436562,8
2378,tt0108052,10
2379,tt0056592,3
2380,tt4139124,2
2381,tt0034240,1
2382,tt0011508,1
2383,tt3214310,1
2384,tt3233418,1
2385,tt1130884,10
2386,tt0316654,2
2387,tt1390411,11
2388,tt0961097,2
2389,tt0317705,35
2390,tt0252866,1
2391,tt0959337,3
2392,tt0411270,1
2393,tt0910936,1
2394,tt4145304,1
2395,tt2217859,1
2396,tt2820466,3
2397,tt1572315,1
2398,tt0391198,1
2399,tt0480669,1
2400,tt4374460,1
2401,tt0069058,1
2402,tt1682180,3
2403,tt0358082,4
2404,tt0055630,1
2405,tt2192900,1
2406,tt0948470,3
2407,tt0337921,1
2408,tt0094012,1
2409,tt2294449,1
2410,tt1055292,1
2411,tt0035446,1
2412,tt2872750,15
2413,tt3774694,7
2414,tt1091191,1
2415,tt0120912,1
2416,tt0926084,5
2417,tt0106677,2
2418,tt0120917,8
2419,tt0995868,1
2420,tt0120915,4
2421,tt2692250,3
2422,tt1398941,1
2423,tt1915581,2
2424,tt2991224,1
2425,tt3858372,1
2426,tt0120737,10
2427,tt0120735,3
2428,tt1205489,2
2429,tt0101635,1
2430,tt0438097,11
2431,tt1957945,1
2432,tt2911666,5
2433,tt2802144,24
2434,tt0077631,1
2435,tt4210080,1
2436,tt1687247,1
2437,tt0110322,1
2438,tt5546466,1
2439,tt0149460,1
2440,tt3011894,5
2441,tt0107614,1
2442,tt0053619,1
2443,tt3460252,50
2444,tt2345737,1
2445,tt1673702,1
2446,tt0221111,1
2447,tt3892434,1
2448,tt0054698,2
2449,tt0099472,1
2450,tt1988591,1
2451,tt4537842,1
2452,tt1408101,3
2453,tt0458290,2
2454,tt0258463,3
2455,tt1550312,2
2456,tt0154061,1
2457,tt0275277,1
2458,tt0095765,3
2459,tt0054749,1
2460,tt0083564,1
2461,tt3581932,2
2462,tt0308506,1
2463,tt1618442,4
2464,tt0053502,1
2465,tt2611652,1
2466,tt1695360,4
2467,tt1618448,3
2468,tt1540133,1
2469,tt0116136,1
2470,tt2191765,1
2471,tt0050083,7
2472,tt2325977,1
2473,tt1305826,3
2474,tt1851588,1
2475,tt0338466,1
2476,tt0212720,4
2477,tt1433811,2
2478,tt0288127,1
2479,tt3722070,2
2480,tt2996950,1
2481,tt1302011,15
2482,tt1830238,2
2483,tt1450321,3
2484,tt4701660,1
2485,tt2281425,1
2486,tt0209163,1
2487,tt4612950,1
2488,tt0879870,2
2489,tt0787474,1
2490,tt0024240,1
2491,tt2764784,2
2492,tt4400058,1
2493,tt2395417,1
2494,tt3077214,9
2495,tt3142872,1
2496,tt1437358,1
2497,tt0125439,2
2498,tt2004420,2
2499,tt3896100,1
2500,tt2170299,1
2501,tt3647110,1
2502,tt1024648,5
2503,tt1475582,2
2504,tt0119978,1
2505,tt0983193,7
2506,tt0310775,1
2507,tt0049096,1
2508,tt0409459,2
2509,tt4379180,1
2510,tt0266543,53
2511,tt1371111,4
2512,tt0198781,47
2513,tt1979320,3
2514,tt0071315,2
2515,tt0378194,2
2516,tt0318627,1
2517,tt2978426,1
2518,tt3393786,1
2519,tt1524575,1
2520,tt1187043,4
2521,tt0989757,3
2522,tt0115303,1
2523,tt0119485,1
2524,tt2302755,1
2525,tt0072684,2
2526,tt1213672,1
2527,tt4685096,1
2528,tt3369806,1
2529,tt0912343,1
2530,tt1833673,1
2531,tt0944835,1
2532,tt0791205,1
2533,tt0047673,1
2534,tt4641730,1
2535,tt2980210,1
2536,tt3066630,1
2537,tt0172396,1
2538,tt2401256,2
2539,tt0105415,1
2540,tt5154296,1
2541,tt2381111,24
2542,tt2884206,2
2543,tt0098481,1
2544,tt0453556,1
2545,tt0073486,5
2546,tt4425200,1
2547,tt0325055,1
2548,tt1278469,2
2549,tt1397280,1
2550,tt0386792,1
2551,tt1567437,1
2552,tt0116282,1
2553,tt3830312,1
2554,tt1605783,8
2555,tt1615918,3
2556,tt1626146,2
2557,tt1403865,2
2558,tt4573800,1
2559,tt1078912,2
2560,tt1398426,28
2561,tt2659414,1
2562,tt3072482,5
2563,tt1563738,2
2564,tt0435761,45
2565,tt0317248,4
2566,tt0983213,2
2567,tt2788732,1
2568,tt0120855,10
2569,tt3850590,3
2570,tt3491962,1
2571,tt1586752,1
2572,tt0171804,1
2573,tt0038890,1
2574,tt0300865,1
2575,tt0047296,2
2576,tt3215140,1
2577,tt0067047,1
2578,tt2053463,4
2579,tt1077368,1
2580,tt0901487,1
2581,tt2446040,2
2582,tt0048280,3
2583,tt2199571,4
2584,tt0268397,1
2585,tt4653370,1
2586,tt1156398,1
2587,tt1500491,1
2588,tt1864557,1
2589,tt0420293,7
2590,tt4572514,1
2591,tt0454848,2
2592,tt2024469,2
2593,tt0371724,2
2594,tt2473510,1
2595,tt0046183,2
2596,tt1661199,23
2597,tt0108174,1
2598,tt1389096,1
2599,tt0106332,1
2600,tt1440345,2
2601,tt2543472,1
2602,tt0458481,2
2603,tt1058017,1
2604,tt1528313,2
2605,tt0411821,1
2606,tt0082971,5
2607,tt0265632,1
2608,tt0084917,1
2609,tt0046435,1
2610,tt0390384,1
2611,tt4176556,1
2612,tt0181875,1
2613,tt6142628,1
2614,tt0465580,1
2615,tt0269587,1
2616,tt0017925,3
2617,tt1707386,8
2618,tt1267297,1
2619,tt0770802,3
2620,tt1258197,1
2621,tt0120630,4
2622,tt3450900,2
2623,tt0021884,1
2624,tt5022702,2
2625,tt5278832,1
2626,tt2994190,1
2627,tt0077869,1
2628,tt0328880,8
2629,tt3247714,2
2630,tt3442990,1
2631,tt1977895,1
2632,tt0949731,1
2633,tt0018455,1
2634,tt0086879,2
2635,tt0381061,2
2636,tt0129167,4
2637,tt5465370,1
2638,tt3152624,18
2639,tt3007512,1
2640,tt2483260,2
2641,tt0107952,1
2642,tt3882082,2
2643,tt1850374,1
2644,tt0116695,1
2645,tt1174954,1
2646,tt0033563,1
2647,tt5317732,1
2648,tt0101414,21
2649,tt2576852,2
2650,tt1658851,1
2651,tt1826590,1
2652,tt0295297,5
2653,tt4972062,1
2654,tt2381618,1
2655,tt1535438,1
2656,tt0050986,2
2657,tt0298388,1
2658,tt0251160,1
2659,tt2356777,4
2660,tt1302067,1
2661,tt0202427,1
2662,tt0103477,1
2663,tt3203616,1
2664,tt2333804,1
2665,tt4630562,1
2666,tt0053793,1
2667,tt0227538,1
2668,tt1778342,1
2669,tt4591840,1
2670,tt0910554,1
